name,country,country_group,type,url
3M,,,,
5 Gyres Institute,United States,,NGO,https://www.5gyres.org/
Aberlpe,,,,
Adult commercial secondary School,Somalia,AF,Academia and Research,
Agence Française de Developpement (AFD),,,,
Agenda del Mar Comunicaciones,Colombia,LAC,Private Sector,www.agendadelmar.com
Alfred wegener Institute Helmholtz Centre for Polar and Marine Research,Germany,EU,Academia and Research,www.awi.de
All One Ocean,United States,,NGO,https://www.alloneocean.org/
Alliance to End Plastic Waste,Singapore,AP,NGO,https://endplasticwaste.org/
Amazon,,,,
American Chemistry Council,United States,,Private Sector,https://www.americanchemistry.com/
Aquaworld,Nigeria,AF,Private Sector,aquaworld.org.ng
Arab Network for Environment & Development,Egypt,AF,NGO,http://raednetwork.org/
Asia Pacific Economic Cooperation (APEC),,,,
"Asociación Vertidos Cero; para la Prevención, Minimización y
Eliminación de los Vertidos",Spain,EU,NGO,https://vertidoscero.com/page/5/
Association of Continuity of Generations,Tunisia,AF,NGO,http://www.acg-generations.org/
Association of Southeast Asian Nations (ASEAN),,,,
Associação de Surf e Bodyboard do Olho d'Água - Asboa,Brazil,LAC,NGO,https://pratiquegenerocidade.com.br/rogerio-verde/
Australian Aid (Department of Foreign Affairs and Trade (DFAT),,,,
Australian Government's Department of Foreign Affairs and Trade,,,,
Australian National Centre for Ocean Resources and Security (ANCORS),Australia,AP,Academia and Research,https://ancors.uow.edu.au
BITC,United Kingdom,EU,Private Sector,https://www.bitc.org.uk/
Baltic Sea Challenge,,,,
Basel Convention,,,,
Bay Islands Conservation Association,Honduras,LAC,NGO,https://bicainc.org/
Beach Cleaner,Germany,EU,NGO,www.beachcleaner.de
Benioff Ocean Initiative,,,,
Better Blue,China,AP,NGO,www.betterblue.net
Better Trails LLP,Singapore,AP,Private Sector,www.bettertrails.sg
Black Sea Commission,,,,
Blue Green Matters,Barbados,LAC,NGO,http://bluegreenmatters.org/
Blue Life Ecoservices Snd Bhd,Malaysia,AP,NGO,http://www.bluelifeeco.org/
"BlueTube, Inc.",United States,,NGO,www.BlueTubeBeach.org
Brazilian Academy of International Law - ABDI,Brazil,LAC,Foundation,www.direitointernacional.org
Break-Free-Plastic-Initiative,Nigeria,AF,NGO,https://bfpinitiative.mn.co/
California Ocean Protection Council,,,,
Cameroon Coastal and Environmental Sustainability Network,Cameroon,AF,NGO,http://www.ccesnetwork.org/
Canada's Environment and Climate Change (ECCC),,,,
Canadian Federal Government,,,,
"Center for Applied Research, Universidad del Pacifico ",Ecuador,LAC,Academia and Research,www.upacifico.edu.ec
Center for Coastal Studies,France,,NGO,www.coastalstudies.org
Center for International Environmental Law (CIEL),United States,,NGO,https://www.ciel.org/
Central Island Agricultural Research Institute-Andaman island,India,AP,Government,https://ciari.icar.gov.in/
Centre National des Données et de l'Information Océanographiques (CNDIO) - Centre National de la Recherche Scientifique et Technologique (CENAREST),Gabon,AF,Academia and Research,
"Centre for Resource Management and Environmental Studies, University of the West Indies",Barbados,LAC,Academia and Research,https://www.cavehill.uwi.edu/cermes/home.aspx
Centre for Supporting green development - GreenHub,Vietnam,AP,NGO,www.greenhub.org.vn
Centro de Tecnologia da Prefeitura da Cidade do Recife (CETEC),Brazil,LAC,Government,
Chevron Phillips Chemical,,,,
Chinese Research Academy of Environmental Sciences (CRAES),China,AP,Academia and Research,http://www.craes.cn/en/
Circulate Capital,,,,
Clean Europe Network,Belgium,EU,NGO,www.cleaneuropenetwork.eu
Clean Up Kenya,Kenya,AF,Private Sector,www.cleanupkenya.org
Clear Blue Sea,United States,,NGO,https://www.clearbluesea.org/about/
Clewat Oy,Finland,EU,Private Sector,https://clewat.com/en/
Closed Loop Partners,,,,
Club Boomerang,Russia,EU,NGO,http://boomerangclub.ru/
Coca Cola,,,,
Coca-Cola,,,,
Coge3,Spain,EU,NGO,
Colgate Palmolive,,,,
Commissariat National du Littoral,Algeria,AF,Government,
Commission for the Conservation of Antarctic Marine Living Resources (CCAMLR),Regional (Australia),GLOBAL,IGO,http://www.ccamlr.org/
Commission on the Protection of the Black Sea Against Pollution,Turkey,EU,IGO,http://www.blacksea-commission.org/
Common Seas,,,,
Community Change,Australia,AP,Private Sector,www.communitychange.com.au
Conscious Future,France,EU,NGO,https://www.facebook.com/consciousfuture/
Coocamar - Coop. de catadores de reciclaveis,Brazil,LAC,NGO,www.mncr.org.br
Coordinating Body on the Seas of East Asia (COBSEA),Regional (Thailand),AP,IGO,https://www.unenvironment.org/cobsea/
Cyprus Sustainable Tourism Initiative(CSTI),,,,
DESCENT.pro,Saudi Arabia,WA,Academia and Research,https://bit.ly/2RS8EBK
Dalhousie University,Canada,,Academia and Research,https://www.researchgate.net/profile/Tony_Walker
Danone,,,,
Data and Information Network Regional Activity Center (DINRAC) of Northwest Pacific Action Plan (NOWPAP),China,AP,IGO,https://www.unenvironment.org/nowpap/
"Department for Environment, Food and Rural Affairs",United Kingdom,EU,Government,https://www.gov.uk/government/organisations/department-for-environment-food-rural-affairs
Department of Education (DepED),Philippines,AP,Government,none
"Department of Environment (DOE), Islamic Republic of Iran",Iran,WA,Government,www.doe.ir
"Department of Geography and Environmental Studies, University of Mandalay",Myanmar,AP,Academia and Research,https://www.mu.edu.mm/departments/geography-and-environmental-studies/
Descent Community,Saudi Arabia,WA,Foundation,https://www.instagram.com/descent.pro/?igshid=1qp6smi5z3tvs
"Deutsche Gesellschaft fuer Internationale Zusammmenarbeit (GIZ) 
Guatemala Office",Guatemala,LAC,IGO,https://www.giz.de/en
Deutsche Gesellschaft für Internationale Zusammenarbeit (GIZ),Germany,EU,Government,https://www.giz.de/en/html/index.html
Didier and Martine Primat Foundation,,,,
"Dirección General Marítima (DIMAR), Autoridad Maritima Colombiana",Colombia,LAC,Government,
Dominica Solid Waste Management Corporation,Dominica,LAC,Government,www.dswmc.com
Dow Chemicals,,,,
Droits Humains Ocean Indien,Mauritius,AF,NGO,https://dismoi.org/
EA,,,,
EAWAG-SANDEC (Switzerland),,,,
ECOlunchbox,United States,,Private Sector,https://ecolunchboxes.com/
Earth Ambassadeurs,Jamaica,LAC,Academia and Research,https://earthambassadeurs.org/
Eco Floresta Lembata,Indonesia,AP,NGO,ecoflorestablog.WordPress.com
Ecologistas en Acción Las Palmas de Gran Canaria,Spain,EU,NGO,https://www.ecologistasenaccion.org/rubrique76.html
EliteSDGs Business Consulting,Peru,LAC,Academia and Research,https://www.rise.global/sdgchampions
Ellen MacArthur Foundation,,,,
Ellen McArthur foundation (EMF),,,,
"Environment Department, Ministry of Lands, Country Planning and the Environment",Sierra Leone,AF,Government,
Environment and Climate Change Canada (Ministry of Env.),Canada,,Government,https://www.canada.ca/en/environment-climate-change.html
Environmental Action (EA),Switzerland,EU,Academia and Research,https://www.e-a.earth/
Environmental Conservation Department,Myanmar,AP,Government,www.ecdgov.mm
Environmental Horizons Co.,Saudi Arabia,WA,Private Sector,http://www.eh.net.sa/
Environmental Investigation Agency (EIA),United Kingdom,EU,NGO,https://eia-international.org/
Escuela Nacional de Pesca,Argentina,LAC,Academia and Research,www.escueladepesca.edu.ar
European Commission,,,,
European Environment Agency (EEA),,,,
European Investment Bank,,,,
European Topic Centre,,,,
Everain Global Services Pvt Ltd,India,AP,Private Sector,www.everainglobal.com
Expedition 7th Continent,France,EU,NGO,http://seventh-continent.com/
Face of Grenada Projects Inc.,Grenada,LAC,NGO,faceofgrenada.org
Federal Ministry for the Environment Nature Conservation and Nuclear Safety,Germany,EU,Government,https://www.bmu.de/en/
Finnish Environment Institute (SKYE),,,,
Flipflopi Project,Kenya,AF,Private Sector,http://www.theflipflopi.com/
Fondation pour la Protection de la Biodiversite Marine,Haiti,LAC,NGO,www.foprobim.org
Food Agriculture Oganization (FAO),Global (Italy),GLOBAL,IGO,http://www.fao.org/
Food and Agriculture Organization (FAO),,,,
Fraunhofer Institute (Ruhr university Bochum),,,,
Front Commun pour la Protection de l’Environnement et des Espaces Protégés (FCPEEP),DRC,AF,NGO,http://www.fcpeep-rdc.org/
Fundacion Avina - Iniciativa regional para el reciclaje inclusivo,Mexico,LAC,Foundation,www.avina.net. www.reciclajeinclusivo.org
Fuze Ecoteer outdoor adventures,Malaysia,AP,Private Sector,https://www.fuze-ecoteer.com/
Fédération Haitienne de la Peche Sportive en Mer (FHPS-M),Haiti,LAC,Private Sector,https://web.facebook.com/fhps.mhaiti.org/
G20,,,,
G7,,,,
GA Circular/companies,,,,
GESAMP,Global (UK),GLOBAL,Academia and Research,http://www.gesamp.org/
GIZ - Gesellschaft für international Zusammenarbeit (German development agency),,,,
GRID Arendal,,,,
GRID-Arendal,Norway,EU,NGO,https://www.grida.no/
Gecka Corp,Panama,LAC,Private Sector,www.geckacorp.com
Geography School of Saint Andrew the First-Called,Russia,EU,Private Sector,http://aleksandrov.space/
German Federal Ministry for Economic Cooperation and Development (BMZ),,,,
German Marine Litter Association e.V.,Germany,EU,NGO,
Ghana United Nations Association,Ghana,AF,NGO,https://www.gunaauthentic.org
Global Action Team of Plastics Associations for Solutions on Marine Litter,Global (unknown),GLOBAL,Private Sector,
Global Alliance for Incinerator Alternatives (GAIA),United States,,NGO,https://www.no-burn.org/
Global Environment Facility (GEF),,,,
Global Environment Facility(GEF),,,,
Global Ghost Gear Initiative,Global (UK),GLOBAL,NGO,www.ghostgear.org
Global Methane Initiative,,,,
Global Pastics Alliance,,,,
Goodtogather,Netherlands,EU,Private Sector,https://goodtogather.nl
Government of Canada,,,,
Government of Norway,,,,
Government of Trinidad and Tobago,,,,
Granta Design,,,,
Green Dream Foundation,India,AP,NGO,www.greendream.foundation
Green Life,Vietnam,AP,Foundation,
Green Worms,India,AP,Private Sector,http://greenworms.co/
Group of Experts on the Scientific Aspects of Marine Environmental Protection (GESAMP),,,,
Grupo de Amigos da Praia,Brazil,LAC,Private Sector,
"Guangxi Key Laboratory of Marine Disaster in the Beibu Gulf, Beibu Gulf University",China,AP,Academia and Research,https://lmdbg.bbgu.edu.cn/index.htm
Gulf and Caribbean Fisheries Institute,United States,,NGO,https://www.gcfi.org/
Gulf of Alaska Keeper (GoAK),United States,,NGO,http://www.goak.org/
Gulf of Maine Lobster Foundation (GOMLF),United States,,Foundation,http://www.gomlf.org/
HELCOM - Baltic Marine Environment Protection Commission,,,,
HOWTO,Spain,EU,"NGO
",https://www.linkedin.com/company/18795026
Haiti Cholera Research Funding Foundation Inc. USA,United States,,NGO,www.hcrff.org/home.html
Hakono Hararanga Incorporated,Cook Islands,AP,NGO,hararanga.org
Hellenic Marine Environment Protection Association (HELMEPA),Greece,EU,NGO,https://helmepa.gr/en/
Hungarian Association of Environmental Enterprises,Hungary,EU,NGO,https://kszgysz.hu/en/
IUCLEA,Israel,WA,Private Sector,http://www.iuclea.co.il/
India Water Foundation,India,AP,NGO,https://www.indiawaterfoundation.org
India Youth For Society,India,AP,NGO,http://www.plasticfreeindia.org
Indian Institute of Tourism & Travel Management,India,AP,Government,https://www.iittm.ac.in/
Indian Institute of Youth And Development,India,AP,NGO,
Indian Plastics Institute,India,AP,Foundation,https://www.ipiindia.org/
Indonesian Waste Platform,Indonesia,AP,Academia and Research,www.indonesianwaste.org
Institut National de Recherche Halieutique (INRH),Morocco,AF,Academia and Research,https://www.inrh.ma/
Institute European Environmental Policy (IEEP),,,,
Institute for Global Environmental Strategies - Centre Collaborating with UNEP on Environmental Technologies (IGES - CCET),Japan,AP,Academia and Research,https://www.ccet.jp/
Institute of Oceanography,Vietnam,AP,Academia and Research,
Institute of Technology Brunei,Brunei,AP,Academia and Research,
Instituto Oceano Vivo,Brazil,LAC,NGO,www.facebook.com/ongoceanovivo
Inter-organization programme for the sound management of chemicals (IOMC),,,,
International Centre For Environmental Education and Community Development (ICENECDEV),Cameroon,AF,NGO,www.icenecdev.org
International Dialogue for Environmental Action (IDEA),Azerbaijan,EU,NGO,
International Finance Corporation (IFC),,,,
International Maritime Organization (IMO),Global (UK),GLOBAL,IGO,http://www.imo.org/
International Organisation of Local Government,United States,,NGO,http://iolg.org/
International Solid Waste Association (ISWA),Global (Austria),GLOBAL,NGO,http://www.iswa.org/
International Union for Conservation of Nature (IUCN),Global (Switzerland),GLOBAL,IGO,https://www.iucn.org/
International Union for the Conservation of Nature (IUCN ),,,,
Interreg Baltic Sea Region Programme,,,,
Investhill Group,DRC,AF,NGO,
Jamaica Environment Trust,Jamaica,LAC,NGO,https://www.jamentrust.org/
Japan Clean Ocean Material Alliance,,,,
Jayanti Welfare Foundation,India,AP,NGO,www.jayantiwelfarefoundation.in
Johnson & Johnson,,,,
KYMA Sea Conservation & Research,Switzerland,EU,NGO,http://www.kyma-sea.org/
Keep Norway Beautiful,Norway,EU,NGO,http://holdnorgerent.no
Keep Queensland Beautiful,Australia,AP,NGO,http://www.keepqueenslandbeautiful.org.au
Kenya Marine and Fisheries Research Institute (KMFRI),Kenya,AF,Academia and Research,www.kmfri.co.ke
Keurig Dr Pepper,,,,
Kewkradong Bangladesh,Bangladesh,AP,Private Sector,https://www.facebook.com/pg/kewkradong/about/?ref=page_internal
Korea Green Growth Trust Fund,,,,
Kystlotteriet,Norway,EU,NGO,Kystlotteriet.no
Laboratório de Ictiologia e Conservação,Brazil,LAC,Academia and Research,https://www.facebook.com/tubaroesearraias
Larsen & Toubro (L&T) Hydrocarbon Engineering,India,AP,Private Sector,www.larsentoubro.com
Learn Agriculture,India,AP,Private Sector,
Lifecycle Initiative,,,,
"Local Beach, Global Garbage",Germany,EU,Foundation,
Lottery Foundation,,,,
Love Sam Pah,Malaysia,AP,NGO,https://www.facebook.com/LoveSamPah-755430388170591/
MARE - Marine and Environmental Sciences Centre,Portugal,EU,Academia and Research,http://www.mare-centre.pt/en
MAVA Foundation,,,,
MRCTI,United States,,NGO,mrcti.org
Macquarie University,Australia,AP,Academia and Research,www.mq.edu.au
Madiba and Nature,Cameroon,AF,NGO,www.madibanature.com
Maj and Tor Nessling Foundation,,,,
Make Art Not Waste,Belgium,EU,NGO,http://www.artnotwaste.com
Marc and Lynne Benioff,,,,
Mare Nostrum,Romania,EU,NGO,www.marenostrum.ro
"Marine Ecotoxicology Division, Innovation House Consulting",Tunisia,AF,Private Sector,https://achaffai2.wixsite.com/website
Marine Life Studies,United States,,NGO,www.marinelifestudies.org
Marine Sciences For Society,Spain,EU,Academia and Research,http://marine-sciences-for-society.org/
MedSharks,Italy,EU,NGO,www.medsharks.org
Microsoft,,,,
Ministere du tourisme et de l'environnement,Congo - Brazzaville,AF,Government,http://www.tourisme-environnement.gouv.cg/
"Ministry for Infrastructure and the Environment, The Government of the Netherlands",Netherlands,EU,Government,https://www.government.nl/ministries/ministry-of-infrastructure-and-water-management
Ministry of Environment of Brazil,Brazil,LAC,Government,mma.gov.br
Ministry of Waste,Indonesia,AP,Private Sector,https://www.ministryofwaste.org/
Ministry of the Environment Japan,,,,
"Ministry of the Environment and Water Resources, Singapore",Singapore,AP,Government,https://www.mewr.gov.sg/
Mitimeth,Nigeria,AF,Private Sector,https://www.mitimeth.com/
Monaco Foundation,,,,
MoreSe,Croatia,EU,NGO,
Municipalidad de Trujillo,Peru,LAC,Government,http://www.munitrujillo.gob.pe/portal/
Municipio de Piriápolis,Uruguay,LAC,Government,http://www.maldonado.gub.uy/?mi=Piriapolis
NOWPAP Regional Coordinating Unit (RCU),Regional (Japan),AP,IGO,https://www.unenvironment.org/nowpap/who-we-are/regional-coordinating-unit
Nairobi Convention,,,,
National Environment Agency,Singapore,AP,Government,www.nea.gov.sg
National Geographic,,,,
National Oceanic and Atmospheric Administration (NOAA),United States,,Government,https://www.noaa.gov/
National Research Council of Canada,,,,
National University of Ireland,Ireland,EU,Academia and Research,http://www.nui.ie/
Natura Sin Basura,Spain,EU,NGO,www.naturasinbasura.org
Nature Care Engineers,India,AP,Private Sector,
Nature Drive Trust of India,India,AP,NGO,
Nest,Greece,EU,NGO,www.nest.org.gr
Nestle Waters,,,,
Net Your Problem LLC,United States,,Private Sector,https://www.netyourproblem.com/
Network PlaMoWa - Plastic Monitoring in Waters,Germany,EU,Private Sector,www.plamowa.net
New Zealand Ministry of Environment,,,,
Nigerian Meteorological Agency,Nigeria,AF,Government,https://www.nimet.gov.ng/
Nomad Plastic,Indonesia,AP,Private Sector,www.nomadplastic.com
Northwest Pacific Action Plan (NOWPAP ),,,,
Norwegian Agency for Development Cooperation(NORAD),,,,
Norwegian Centre for Oil Spill Preparedness and Marine Environment,Norway,EU,Government,marintmiljo.no
Norwegian Institute for Water Research,Norway,EU,Academia and Research,http://www.niva.no/
Norwegian Ministry of Climate and Environment,Norway,EU,Government,https://www.regjeringen.no/en/dep/kld/id668/
OSPAR - Convention for the Protection of the Marine Environment of the North-East Atlantic,,,,
Observatory of Menorca(OBSAM),,,,
Ocean Conservancy,United States,,NGO,https://oceanconservancy.org/
Ocean Generation,United States,,NGO,http://oceangeneration.org/
Ocean Hour Fl,United States,,NGO,www.oceanhourfl.com
Ocean Impact,Netherlands,EU,Private Sector,www.oceanimpact.nl
Ocean Recovery Alliance,China,AP,NGO,https://www.oceanrecov.org/
Ocean Sole Foundation Africa,Kenya,AF,Foundation,https://oceansoleonline.com/
Ocean Wise,Canada,,NGO,https://ocean.org/
OceanCare,Switzerland,EU,NGO,https://www.oceancare.org/
Oceanalpha Group Ltd,China,AP,Private Sector,www.oceanalpha.com
Oceanographic Institute of University of Sao Paulo,,,,
"Oceanographic Institute, São Paulo University",Brazil,LAC,Academia and Research,www.io.usp.br
"Oceanography department, Faculty of Science, Alexandria University",Egypt,AF,Academia and Research,https://sci.alexu.edu.eg/index.php/en/2015-06-11-13-42-54
Oceantrash,United States,,Academia and Research,http://www.oceantrash.be
Odyssey Impact Investments,,,,
One More Generation,United States,,NGO,http://www.onemoregeneration.org
Open Litter Map,,,,
Open University of The Netherlands,Netherlands,EU,Academia and Research,https://www.ou.nl/-/marine-litter
OpenLitterMap,Ireland,EU,Private Sector,https://openlittermap.com
Operation Big Blue,Lebanon,WA,NGO,http://operationbigblue.org/
Orca Tech,China,AP,Private Sector,www.orca-tech.cn
"Our Sea of East Asia Network, Inc.",South Korea,AP,NGO,http://www.osean.net/main/
PCI Media,United States,,NGO,www.pcimedia.org
PERSGA - The Regional Organization for the Conservation of the Environment of the Red Sea & Gulf of Aden,,,,
PEWTRUST,,,,
Pacific International Lines (Private) Limited,Singapore,AP,Private Sector,http://www.pilship.com/
Pacific Regional Environment Programme (SPREP ),,,,
Panama Maritime Authority,Panama,LAC,Government,
Patan Devi Foundation,India,AP,NGO,
Pepsico,,,,
Pi Polymers Ltd,United Kingdom,EU,Private Sector,
Plastic Bank,Germany,EU,Private Sector,https://plasticbank.com
Plastic Continents,United Kingdom,EU,NGO,http://plasticcontinents.com/
Plastic Credit Exchange,Philippines,AP,NGO,https://www.plasticcreditexchange.com/
Plastic Disclosure Project,China,AP,NGO,https://www.plasticdisclosure.org/
Plastic Free Southeast Asia,Australia,AP,Private Sector,https://plasticfreecambodia.com
"Plastic Ocean Project, Inc.",United States,,NGO,www.plasticoceanproject.org
Plastic Odyssey,France,EU,NGO,https://plasticodyssey.org/
Plastic Soup Foundation,,,,
Plastic change,Denmark,EU,NGO,http://www.plasticchange.org/
PlasticCircular(R20),Switzerland,EU,NGO,
Plastics Europe,,,,
Pollution Control Association of Liberia,Liberia,AF,NGO,www.pocaliberia.org
Prakruti Nature Club,India,AP,NGO,https://prakrutinatureclub.org/
Procter & Gamble,,,,
Programme of the Sustainable Ocean Alliance,,,,
Project AWARE Foundation,United States,,Foundation,https://www.projectaware.org/
Protection of the Arctic Marine Environemt (PAME ),,,,
Proyecto Kayam AC,Mexico,LAC,Foundation,https://kayam.org.mx/
Public Waste Agency of Flanders,Belgium,EU,Government,https://www.ovam.be/
Quahog Media LLC,United States,,Private Sector,www.quahogmedia.com
Quantis,,,,
Race for Water Foundation,Switzerland,EU,Foundation,www.raceforwater.org
Rajasthan State Mines and Minerals limited (RSMML),India,AP,Academia and Research,https://www.rsmm.com/
Recep Tayyip Erdogan University Faculty of Fisheries,Turkey,EU,Academia and Research,
Recykal,India,AP,Private Sector,https://www.recykal.com/
ReelCycle Inc,United States,,NGO,www.reelcycle.org
Regional Organization for the Conservation of the Red Sea and Gulf of Aden (PERSGA),Regional (Saudi Arabia),WA,IGO,http://www.persga.org/
"Republic of Seychelles, Ministry of Environment, Energy and Climate Change",Seychelles,AF,Government,http://www.meecc.gov.sc/
Rid Consulting,Brazil,LAC,Private Sector,www.ridconsulting.com.br
Rotterdam and Stockholm Conventions,,,,
Royal Services Group,Cameroon,AF,Private Sector,https://eicontactrsg.wixsite.com/royal
Ruder Boskovic Institute,Croatia,EU,Academia and Research,https://www.irb.hr/eng
Rudra Environmental Solution India Ltd,India,AP,Private Sector,https://www.blue-planet.com/services-technology-companies/rudra-environmental-solutions
SALT Lofoten AS,Norway,EU,Private Sector,http://salt.nu
SYSTEMIQ,,,,
Sama Al-Ebtikar Foundation for Sustainable Development,Iraq,WA,NGO,sama-sdgs.org
SciencePlay,United States,,Academia and Research,
Searious Business,,,,
Second Muse,,,,
Secretariat of the Basel,,,,
"Secretariat of the Basel, Rotterdam and Stockholm Conventions",Global (Switzerland),GLOBAL,IGO,http://www.basel.int/
Secretariat of the Pacific Regional Environment Programme (SPREP),Regional (Samoa),AP,IGO,www.sprep.org
Service afloat,,,Private Sector,
Seven Seas Coffee,United States,,Private Sector,www.sevenseascoffee.com
Shaktimath International Foundation,India,AP,Foundation,www.smif.co.in
Shanghai Rendu Ocean NPO Development Centre,China,AP,NGO,
Sheavly Consultants,,,,
Shenzhen Blue Ocean Conservation Association (BOCA),China,AP,NGO,www.szboca.org
Shiv Shakti Math,India,AP,NGO,www.shivshaktimath.org
Simon Fraser University,Canada,,Academia and Research,https://www.sfu.ca/
Solidarité Numérique Éducation et Santé Castres (SNESC),France,EU,NGO,https://www.snesc.fr/
Somali Greenpeace Association,Somalia,AF,NGO,https://www.facebook.com/somaligreenpeace
Somali Youth Development Foundation (SYDF),Somalia,AF,NGO,http://sydf.org
South Asia Co-operative Environment Programme (SACEP),Regional (Sri Lanka),AP,IGO,www.sacep.org
Southeast Marine Debris Cleanup Initiative,United States,,NGO,
Starbucks,,,,
Start Upcycling Now,India,AP,Private Sector,http://startupcyclingnow.com
State Environmental Inspectorate of Ukraine,Ukraine,EU,Government,
Suganthi Devadason Marine Research Institute (SDMRI),India,AP,Academia and Research,www.sdmri.in
Surfrider Aude Chapter,France,EU,NGO,surfrider.eu
Surfrider Europe Foundation,,,,
Sustainable Coastlines Charitable Trust,,,,
Sustainable Ocean Alliance,United States,,NGO,soalliance.org
Sustainable Sea Trust - African Marine Waste Network,South Africa,AF,NGO,http://www.sst.org.za/
Swedish International Development Cooperation Agency (SIDA),,,,
Swedish Postcode Foundation,,,,
T. Paez Integrated High School Boy Scouts Unit,Philippines,AP,Academia and Research,
Tangaroa Blue Foundation,Australia,AP,Foundation,www.tangaroablue.org
Tanzania High Commission in Kenya,Tanzania,AF,Government,https://www.ke.tzembassy.go.tz
Tara Expeditions Foundation,,,,
Tearfund,,,,
Ten Little Pieces,Australia,AP,NGO,Facebook/tenlittlepieces.com
The African Marine Waste Network,South Africa,AF,NGO,https://africanwastenetwork.org.za/
"The Center for Oceanic Awareness, Research, and Education (COARE)",United States,,NGO,www.coare.org
The David and Lucile Packard Foundation,,,,
The Egyptian International Foundation for Human Resources Development,Egypt,AF,Foundation,http://egyptianinternationalfoundationhumanresourcesdevelopment.mex.tl/
The Global Partnership of Marine Litter (GPML),,,,
The Incubation Network,,,,
The International Environmental Technology Centre (IETC),,,,
The Mediterranean Marine Litter Node (MAP),,,,
The Minderoo Foundation,Australia,AP,NGO,www.minderoo.org
The National Trust for Ireland,Ireland,EU,NGO,https://www.antaisce.org/
The OSPAR Commission,Regional (United Kingdom),EU,IGO,https://www.ospar.org/
The Ocean Cleanup,Netherlands,EU,Foundation,https://theoceancleanup.com/
The Ocean Foundation,United States,,Foundation,https://oceanfdn.org/
The Ocean Project,United States,,NGO,https://theoceanproject.org/
The Reef-World Foundation,United Kingdom,EU,Foundation,www.reef-world.org
The S Group,,,,
The SeaCleaners,France,,NGO,www.theseacleaners.org
The Sustainable Coastlines Charitable Trust,New Zealand,AP,NGO,http://sustainablecoastlines.org/
The Water Network,Switzerland,EU,NGO,https://thewaternetwork.com/
Think Beyond Plastic,United States,,NGO,http://www.thinkbeyondplastic.com
Tiasan,Singapore,AP,Private Sector,www.tiansan.com.sg
Together Cyprus,,,,
Trash Canned,United States,,NGO,TrashCanned.org
U.S. State Department,,,,
UFSC Sem Plástico,Brazil,LAC,NGO,https://www.facebook.com/UFSCSemPlastico/
UK Department for International Development (DFID),,,,
UN Habitat,,,,
UN-Habitat,Global (Kenya),GLOBAL,IGO,https://unhabitat.org/
UNEA 3,,,,
UNEA 4,,,,
UNEP - Caribbean Environment Center & Cartagena Convention Secretariat,Regional (Jamaica),LAC,IGO,https://www.unenvironment.org/cep/
UNEP - Mediterranean Action Plan,Regional (Greece),EU,IGO,https://www.unenvironment.org/unepmap/
Ubuntoo,United States,,Private Sector,www.ubuntoo.com
Uganda Junior Rangers,Uganda,AF,NGO,
Uka Tarsadia University,India,AP,Academia and Research,
Unilever,,,,
United Nation Environment Programme (UNEP),,,,
United Nations Economic and Social Commission for Asia and the Pacific (UNESCAP),,,,
United Nations Environment Programme (UNEP),Global (Kenya),GLOBAL,IGO,www.unep.org
United Nations Environmental Programme (UNEP),,,,
United Nations Industrial Development Organization (UNIDO),,,,
United Nations Institute for Training and Research (UNITAR),Global (Switzerland),GLOBAL,IGO,www.unitar.org
United Nations Peacekeeping Force Council - SEA,Thailand,AP,Foundation,https://www.unpkfc.org
United States Agency for International Developement  (USAID),,,,
United States Agency for International Development (USAID),,,,
United States Environmental Protection Agency (EPA),United States,,Government,https://www.epa.gov/
Universidad Laica Eloy Alfaro de Manabí,Ecuador,LAC,Academia and Research,
Universidad Politécnica de Madrid,Spain,EU,Academia and Research,https://www.etsisi.upm.es/
Universidade Federal do Pará (Federal University of Pará),,,,
Universiti Sains Malaysia,Malaysia,AP,Academia and Research,https://cemacs.usm.my/index.php/ms/
University of Colima,Mexico,LAC,Academia and Research,https://www.ucol.mx/
University of Geneva,Switzerland,EU,Academia and Research,
University of Kerala,India,AP,Academia and Research,
University of Leeds,,,,
University of Mauritius,Mauritius,AF,Academia and Research,www.uom.ac.mu
University of Sfax,Tunisia,AF,Academia and Research,univ-sfax.tn
University of the Azores,Portugal,EU,Academia and Research,https://international.uac.pt/
VJ ENGINEERING SOLUTIONS SDN BHD,Malaysia,AP,Private Sector,https://www.vjengineering.com.my/v1
Vancouver Aquarium,Canada,,Private Sector,https://www.vanaqua.org/
Vietnam Administration of Seas and Islands,Vietnam,AP,Government,http://vasi.gov.vn/trang-chu.html
Voice of Environment,India,AP,NGO,www.voiceofenvironment.org
Vships United Kingdom Ltd,United Kingdom,EU,Private Sector,http://www.vnet.info/portal/site/vholdings/
Walmart,,,,
Waste,Netherlands,EU,NGO,https://www.waste.nl/
Waste Free Oceans,Belgium,EU,NGO,https://www.wastefreeoceans.org/
Wasteware (UK),,,,
Watamu Marine Association,Kenya,AF,NGO,www.watamu.biz
Wecyclers Nigeria Limited,Nigeria,AF,NGO,http://wecyclers.com/
Western Indian Ocean Marine Science Association (WIOMSA),Tanzania,AF,NGO,www.wiomsa.org
Western Metropolitan Regional Council,Australia,AP,Government,www.plasticfreejuly.org
Wings Foundation,India,AP,NGO,
Women And Child Welfare Society,India,AP,NGO,http://www.wcwsodisha.simplesite.com/
World Animal Protection,Global (United Kingdom),GLOBAL,NGO,www.worldanimalprotection.org
World Bank,,,,
World Ecological Concepts Ltd,Nigeria,AF,Private Sector,www.wecng.org
World Wildlife Fund (WWF),,,,
Xiamen Zhiliaoshijie Education Service Co. Ltd.,China,AP,Private Sector,https://mp.weixin.qq.com/s/s6I2MxfsMgv9cSol8oGiTA
Young Environmentalists Programme Trust,India,AP,NGO,www.youngenvironmentalists.org
Young Naturalist Network,India,AP,NGO,https://www.facebook.com/Young-Naturalist-Network-174401159291057/
Youth for our Planet,United Kingdom,EU,NGO,www.youthforourplanet.com
ecoSurge,Italy,EU,NGO,www.ecosurge.org
mountain2ocean,Germany,EU,Private Sector,www.mountain2ocean.org
